Match_ID,Overs_Played,Wickets_Lost,Run_Rate,Home_Away,Opponent_Strength,Pitch_Condition,Weather,Predicted_Score
383,14,4,5.01,Home,1,Balanced,Overcast,79
539,13,6,13.94,Home,5,Balanced,Sunny,202
1494,1,4,5.85,Away,5,Bowling,Cloudy,16
1113,17,5,14.81,Home,7,Bowling,Cloudy,210
325,1,1,13.22,Away,6,Batting,Cloudy,37
362,17,8,9.64,Away,2,Batting,Cloudy,210
1488,5,7,9.77,Away,5,Bowling,Sunny,49
1030,13,3,7.72,Away,3,Bowling,Cloudy,94
708,5,4,10.19,Away,8,Bowling,Cloudy,50
333,2,6,11.08,Away,7,Bowling,Cloudy,25
430,12,7,5.08,Away,5,Bowling,Overcast,51
1243,18,5,13.9,Home,4,Batting,Sunny,332
426,10,8,13.9,Away,1,Balanced,Sunny,159
629,19,8,6.95,Home,6,Balanced,Cloudy,139
1112,14,6,14.96,Home,1,Balanced,Sunny,236
678,5,4,5.52,Home,6,Bowling,Sunny,34
694,19,4,8.74,Home,4,Bowling,Overcast,130
758,12,0,7.53,Home,4,Balanced,Sunny,117
255,4,10,5.72,Home,6,Batting,Cloudy,32
1095,11,8,10.63,Away,6,Batting,Sunny,156
917,6,6,13.71,Away,9,Bowling,Sunny,75
1186,8,4,8.86,Home,10,Bowling,Sunny,67
669,19,0,11.73,Home,2,Batting,Cloudy,295
842,2,6,6.6,Home,4,Batting,Sunny,32
807,6,6,10.21,Away,5,Balanced,Sunny,76
1457,12,0,6.19,Away,4,Bowling,Sunny,80
87,3,8,5.31,Home,3,Bowling,Cloudy,21
1422,14,7,11.91,Away,8,Balanced,Cloudy,173
266,1,3,9.97,Home,4,Batting,Overcast,29
288,14,1,8.13,Home,2,Batting,Overcast,146
1484,17,0,10.78,Home,9,Batting,Cloudy,239
893,17,8,6.66,Home,5,Bowling,Cloudy,97
1496,15,8,9.82,Home,3,Bowling,Overcast,113
979,9,10,12.23,Home,9,Batting,Overcast,120
535,19,8,10.17,Away,3,Balanced,Overcast,183
1001,7,5,6.7,Home,7,Batting,Cloudy,69
222,2,4,14.48,Away,3,Batting,Cloudy,54
114,7,2,8.02,Away,2,Batting,Sunny,96
673,1,3,10.72,Away,2,Balanced,Cloudy,29
584,9,1,11.63,Away,4,Balanced,Overcast,112
175,5,6,13.54,Away,9,Balanced,Cloudy,75
536,7,6,12.59,Home,6,Bowling,Cloudy,79
1079,16,4,9.11,Home,10,Balanced,Cloudy,155
1177,11,4,13.47,Away,6,Batting,Sunny,203
1107,3,7,14.28,Away,6,Batting,Sunny,65
983,5,0,7.18,Home,3,Bowling,Overcast,42
286,17,10,7.7,Away,2,Balanced,Overcast,125
868,8,10,8.93,Away,1,Batting,Cloudy,97
375,16,10,6.2,Home,1,Balanced,Sunny,114
1197,12,6,14.68,Away,9,Bowling,Cloudy,147
32,9,7,9.86,Home,7,Bowling,Overcast,69
552,12,0,5.71,Home,10,Bowling,Cloudy,67
211,8,0,13.46,Away,8,Balanced,Sunny,131
1047,8,9,5.88,Away,6,Bowling,Cloudy,42
924,5,3,6.43,Home,6,Balanced,Overcast,42
810,15,4,14.21,Home,5,Batting,Sunny,286
618,16,8,14.33,Away,7,Batting,Cloudy,282
933,15,4,12.93,Home,10,Batting,Overcast,219
620,17,0,11.97,Home,1,Balanced,Overcast,205
189,6,6,11.93,Away,2,Balanced,Cloudy,86
711,6,2,6.13,Home,5,Bowling,Cloudy,43
937,4,4,11.28,Home,1,Balanced,Sunny,66
1169,5,6,7.87,Away,9,Balanced,Sunny,49
1220,18,6,6.37,Home,5,Bowling,Overcast,90
1098,3,4,10.87,Home,10,Bowling,Cloudy,33
902,19,3,5.58,Away,7,Batting,Cloudy,143
84,17,5,14.64,Away,6,Batting,Overcast,281
702,4,4,6.01,Away,6,Bowling,Overcast,27
49,4,7,13.22,Home,1,Balanced,Sunny,70
1284,10,7,5.87,Home,3,Batting,Overcast,76
156,10,1,13.64,Away,1,Bowling,Overcast,114
1152,14,3,14.21,Away,9,Balanced,Sunny,221
1142,10,4,12.0,Away,9,Batting,Sunny,164
975,9,3,8.73,Home,3,Balanced,Sunny,101
1058,8,9,11.67,Home,2,Bowling,Overcast,74
808,19,1,5.68,Away,3,Bowling,Cloudy,103
1230,7,4,13.22,Away,2,Bowling,Sunny,92
1481,20,10,7.27,Away,5,Balanced,Overcast,135
1437,15,9,6.64,Away,7,Bowling,Sunny,87
180,12,4,13.83,Away,9,Balanced,Cloudy,176
1356,9,0,8.87,Home,6,Bowling,Sunny,83
1247,14,8,12.42,Home,7,Batting,Overcast,194
1041,17,9,7.65,Home,2,Batting,Sunny,176
950,8,9,6.83,Away,5,Batting,Sunny,77
817,6,1,12.87,Away,4,Balanced,Cloudy,97
364,5,1,10.19,Home,9,Batting,Cloudy,79
1178,17,2,5.62,Away,3,Batting,Cloudy,137
1199,19,2,7.78,Home,2,Batting,Cloudy,201
347,5,9,6.12,Away,7,Balanced,Cloudy,35
1011,1,2,11.32,Home,8,Balanced,Overcast,23
615,9,9,10.14,Away,4,Balanced,Overcast,89
966,12,4,5.74,Away,7,Bowling,Sunny,68
1274,18,4,6.83,Away,4,Bowling,Overcast,99
590,13,5,12.13,Away,10,Balanced,Cloudy,165
1289,17,0,11.73,Home,5,Balanced,Sunny,230
632,9,7,14.79,Home,2,Batting,Sunny,183
244,20,10,11.4,Home,9,Bowling,Sunny,192
1375,16,8,12.39,Home,10,Balanced,Sunny,211
1452,15,0,13.27,Home,7,Balanced,Overcast,195
765,9,10,14.77,Away,1,Balanced,Sunny,149
988,8,5,12.73,Away,10,Batting,Cloudy,131
412,20,3,6.41,Home,9,Batting,Overcast,151
1421,13,1,8.14,Away,4,Balanced,Sunny,132
1226,10,9,9.88,Home,5,Batting,Sunny,133
309,2,8,7.98,Away,5,Bowling,Cloudy,19
882,18,7,11.94,Away,2,Batting,Overcast,246
399,4,9,12.47,Home,6,Batting,Cloudy,66
371,16,10,6.26,Away,10,Balanced,Sunny,105
55,10,3,8.71,Away,6,Balanced,Overcast,91
1339,3,2,7.37,Home,8,Balanced,Cloudy,36
1183,2,7,13.53,Away,7,Bowling,Overcast,25
313,9,8,5.48,Home,7,Batting,Sunny,70
922,2,9,6.17,Away,4,Batting,Sunny,25
110,3,6,10.42,Home,1,Batting,Overcast,50
719,14,3,7.05,Away,10,Batting,Cloudy,131
692,16,5,8.32,Home,8,Balanced,Cloudy,143
101,3,9,14.84,Home,5,Balanced,Sunny,54
1126,4,8,11.91,Away,9,Balanced,Overcast,46
670,2,4,12.97,Away,2,Bowling,Overcast,31
1376,13,7,7.77,Home,2,Balanced,Overcast,102
267,16,6,7.84,Away,3,Bowling,Overcast,100
679,4,3,10.49,Home,2,Bowling,Sunny,51
297,20,8,9.94,Away,5,Batting,Cloudy,248
530,6,7,7.82,Away,6,Bowling,Sunny,47
945,11,6,13.43,Away,6,Bowling,Sunny,132
1014,18,3,12.16,Away,3,Balanced,Cloudy,236
951,6,6,13.55,Away,2,Bowling,Sunny,80
378,3,8,7.93,Away,3,Balanced,Sunny,35
287,12,9,13.43,Home,3,Balanced,Cloudy,170
1439,4,7,10.47,Away,10,Bowling,Sunny,39
731,3,0,10.99,Away,8,Balanced,Sunny,52
127,13,4,9.89,Home,8,Batting,Cloudy,167
328,16,2,11.57,Home,6,Bowling,Cloudy,161
293,17,7,8.77,Away,5,Balanced,Sunny,167
549,1,3,8.32,Away,3,Batting,Sunny,33
728,1,9,14.51,Home,10,Batting,Cloudy,19
909,10,0,9.16,Home,5,Bowling,Overcast,80
356,20,9,9.14,Away,9,Bowling,Overcast,133
171,17,2,10.74,Home,3,Batting,Sunny,254
967,4,3,8.75,Home,4,Batting,Overcast,56
1134,4,7,12.05,Home,3,Batting,Sunny,75
652,17,10,13.17,Home,10,Balanced,Sunny,235
210,18,8,12.66,Home,1,Batting,Cloudy,288
1398,13,7,10.95,Away,6,Batting,Overcast,163
141,11,7,14.09,Home,6,Bowling,Cloudy,131
1084,1,2,10.66,Away,10,Bowling,Sunny,19
991,9,8,12.67,Home,1,Bowling,Overcast,91
651,5,1,12.05,Away,10,Batting,Cloudy,88
1189,11,6,7.29,Home,2,Balanced,Sunny,99
1499,17,6,8.81,Away,5,Bowling,Overcast,116
486,3,2,5.12,Away,7,Bowling,Overcast,22
528,4,6,6.75,Away,2,Balanced,Overcast,37
200,19,7,13.28,Away,9,Batting,Overcast,278
890,1,9,6.61,Home,3,Batting,Cloudy,18
845,2,1,11.64,Away,2,Balanced,Cloudy,45
1069,2,7,5.67,Home,7,Bowling,Overcast,14
1206,17,0,8.55,Home,6,Batting,Overcast,177
1055,1,10,7.43,Home,8,Bowling,Sunny,8
11,8,6,5.8,Away,10,Bowling,Sunny,44
148,3,0,12.94,Away,5,Batting,Cloudy,71
722,15,1,7.87,Home,5,Bowling,Overcast,98
283,4,6,8.16,Home,7,Balanced,Overcast,37
299,3,0,11.33,Home,6,Batting,Sunny,67
614,2,1,6.03,Home,7,Bowling,Overcast,21
292,5,7,14.1,Home,6,Balanced,Sunny,83
650,12,8,7.35,Away,4,Batting,Cloudy,117
599,15,7,10.91,Home,10,Balanced,Overcast,151
1044,19,2,12.78,Home,1,Batting,Overcast,285
553,13,8,5.69,Away,5,Balanced,Overcast,74
1299,14,2,12.5,Home,1,Batting,Cloudy,235
130,4,10,13.8,Home,1,Bowling,Overcast,46
1062,15,3,8.25,Home,4,Batting,Sunny,177
332,15,5,11.78,Home,1,Balanced,Sunny,203
324,20,1,9.17,Away,1,Bowling,Sunny,173
681,17,6,8.07,Away,8,Bowling,Sunny,122
479,7,5,7.47,Away,10,Bowling,Sunny,50
562,20,4,11.55,Away,7,Batting,Overcast,262
136,13,0,5.39,Home,7,Balanced,Overcast,79
507,6,1,12.61,Home,4,Batting,Overcast,103
514,18,1,8.57,Away,1,Balanced,Sunny,186
1372,18,1,13.48,Home,10,Batting,Cloudy,307
436,17,0,7.42,Home,2,Batting,Overcast,161
874,3,2,13.38,Home,7,Batting,Overcast,60
1463,15,9,5.32,Away,9,Batting,Overcast,89
753,5,0,12.01,Away,5,Balanced,Cloudy,80
666,2,3,8.1,Home,8,Bowling,Overcast,21
159,9,5,7.86,Home,2,Balanced,Overcast,78
1254,11,5,8.28,Away,5,Batting,Sunny,131
1293,18,2,7.5,Home,6,Balanced,Sunny,159
576,8,8,7.26,Home,7,Batting,Overcast,69
353,15,8,8.37,Away,7,Balanced,Sunny,138
938,12,9,11.89,Home,7,Balanced,Overcast,132
1296,5,8,13.71,Home,4,Balanced,Overcast,70
1393,16,2,8.73,Home,10,Balanced,Cloudy,152
1301,9,4,9.58,Home,1,Balanced,Overcast,94
592,13,3,6.82,Away,6,Balanced,Cloudy,103
665,18,3,6.57,Home,7,Bowling,Overcast,95
196,16,2,14.57,Home,4,Bowling,Overcast,181
1241,7,8,13.4,Home,5,Bowling,Cloudy,81
1049,3,9,8.68,Away,7,Batting,Sunny,38
439,2,4,5.76,Home,8,Balanced,Cloudy,23
1436,2,5,9.34,Away,2,Bowling,Sunny,29
644,7,2,5.25,Away,7,Batting,Overcast,56
97,2,10,8.14,Away,5,Batting,Overcast,23
585,4,6,12.42,Home,2,Balanced,Overcast,57
1215,17,2,5.83,Home,1,Balanced,Sunny,126
157,12,1,10.89,Home,10,Bowling,Overcast,104
420,5,10,11.74,Home,5,Batting,Overcast,69
411,17,3,6.96,Away,8,Batting,Sunny,165
1223,9,1,6.44,Home,6,Batting,Cloudy,91
478,9,9,12.18,Home,9,Bowling,Sunny,94
515,2,2,12.88,Home,2,Batting,Overcast,49
1286,20,5,13.45,Home,2,Balanced,Cloudy,284
1454,4,7,6.04,Away,4,Batting,Sunny,44
1119,8,1,9.55,Away,8,Bowling,Sunny,77
448,4,1,7.09,Home,10,Batting,Overcast,45
179,2,4,5.62,Away,2,Bowling,Cloudy,23
391,16,2,12.8,Away,7,Batting,Cloudy,264
1290,3,7,7.21,Away,9,Batting,Overcast,29
1308,11,2,7.08,Home,6,Balanced,Overcast,84
1367,15,8,14.33,Home,8,Balanced,Sunny,231
1048,7,5,11.99,Away,2,Balanced,Overcast,89
1143,6,3,13.38,Home,8,Balanced,Overcast,84
635,19,3,12.27,Home,3,Balanced,Overcast,226
866,3,7,13.76,Home,2,Bowling,Sunny,45
788,6,5,7.14,Home,5,Bowling,Sunny,46
745,11,10,14.47,Away,4,Batting,Cloudy,198
860,14,4,14.14,Home,3,Bowling,Sunny,180
295,3,10,5.89,Away,3,Bowling,Sunny,21
545,1,2,9.98,Home,7,Balanced,Cloudy,25
1363,8,4,8.45,Away,8,Bowling,Sunny,66
89,5,8,6.6,Away,8,Bowling,Sunny,32
1032,8,8,7.64,Away,3,Bowling,Sunny,60
1380,18,10,12.16,Away,1,Bowling,Sunny,191
577,6,0,8.04,Away,4,Balanced,Sunny,73
907,19,9,11.16,Away,6,Bowling,Overcast,157
1388,13,0,7.61,Home,6,Batting,Sunny,149
1092,15,8,5.39,Away,7,Balanced,Sunny,91
944,4,6,13.21,Home,4,Batting,Overcast,70
291,9,9,9.34,Away,5,Batting,Sunny,114
1419,7,2,13.96,Away,3,Batting,Sunny,147
1019,9,3,7.15,Home,9,Balanced,Cloudy,76
349,4,2,7.68,Away,7,Batting,Cloudy,55
568,15,6,5.38,Away,9,Balanced,Sunny,92
1413,18,2,5.07,Away,8,Bowling,Sunny,88
1059,1,10,8.23,Home,5,Bowling,Cloudy,11
600,2,9,11.61,Home,5,Batting,Cloudy,36
459,7,0,12.12,Away,1,Batting,Cloudy,131
376,7,6,7.66,Home,1,Balanced,Sunny,72
334,2,8,7.95,Away,7,Bowling,Overcast,16
757,7,4,10.83,Home,7,Batting,Overcast,95
1324,11,2,7.04,Home,6,Batting,Cloudy,112
712,1,0,9.04,Away,10,Bowling,Overcast,17
1390,1,8,13.35,Away,6,Batting,Cloudy,24
567,14,0,9.25,Away,2,Bowling,Cloudy,122
329,14,10,9.72,Home,3,Batting,Sunny,180
319,18,5,7.09,Away,5,Balanced,Overcast,126
1303,17,3,5.94,Home,10,Batting,Overcast,120
953,8,3,9.66,Away,9,Batting,Cloudy,107
13,2,4,14.42,Away,10,Batting,Sunny,48
172,17,9,14.56,Away,9,Balanced,Cloudy,250
261,20,7,10.53,Home,6,Balanced,Overcast,197
820,20,0,7.48,Away,10,Batting,Cloudy,198
1495,6,7,9.67,Home,1,Balanced,Cloudy,72
797,5,1,14.51,Away,10,Bowling,Cloudy,69
139,12,4,7.28,Away,6,Bowling,Cloudy,80
550,6,7,13.55,Away,6,Bowling,Cloudy,72
616,3,8,10.09,Home,8,Batting,Sunny,44
846,20,4,13.82,Home,1,Bowling,Sunny,247
778,10,10,11.13,Home,10,Bowling,Sunny,93
559,4,7,8.32,Away,10,Balanced,Cloudy,38
140,20,9,14.64,Home,8,Batting,Cloudy,356
1310,7,2,14.08,Home,8,Balanced,Sunny,118
1024,7,6,5.77,Home,3,Balanced,Cloudy,53
225,12,0,10.23,Home,10,Batting,Cloudy,165
964,11,9,5.67,Away,9,Bowling,Sunny,54
410,2,7,7.25,Away,9,Balanced,Sunny,21
326,8,8,13.5,Home,5,Balanced,Overcast,104
300,18,0,12.04,Home,8,Batting,Overcast,252
994,20,8,12.52,Away,3,Balanced,Cloudy,260
1033,19,5,14.39,Away,4,Batting,Sunny,362
671,20,6,7.5,Home,1,Bowling,Cloudy,132
1480,14,6,9.58,Home,4,Batting,Overcast,158
947,20,2,8.34,Away,9,Balanced,Sunny,189
1270,10,8,10.71,Away,5,Balanced,Sunny,121
574,10,10,5.55,Away,3,Batting,Cloudy,75
504,10,6,14.2,Away,2,Batting,Overcast,168
1038,15,3,11.95,Home,10,Balanced,Sunny,199
4,11,8,8.84,Home,9,Batting,Cloudy,121
1469,4,4,7.96,Home,5,Balanced,Sunny,48
468,20,9,6.9,Home,4,Balanced,Sunny,153
322,4,2,5.52,Home,9,Balanced,Cloudy,35
6,7,4,8.69,Home,4,Bowling,Overcast,55
974,17,1,8.51,Home,6,Balanced,Cloudy,162
548,17,4,6.86,Home,9,Bowling,Cloudy,101
1477,20,6,5.5,Away,4,Batting,Overcast,132
40,20,10,13.46,Home,9,Batting,Sunny,340
543,9,2,12.8,Away,10,Batting,Sunny,160
243,8,4,7.26,Home,10,Bowling,Overcast,48
137,6,6,9.76,Away,7,Batting,Cloudy,81
603,13,6,12.09,Away,5,Bowling,Cloudy,135
773,8,3,7.59,Away,5,Balanced,Cloudy,76
847,1,4,13.14,Away,8,Bowling,Sunny,20
1091,1,2,12.62,Home,7,Balanced,Sunny,29
1366,2,10,11.68,Away,1,Balanced,Overcast,29
582,18,9,14.67,Home,6,Bowling,Cloudy,216
1475,15,2,9.31,Home,5,Balanced,Sunny,164
789,6,7,7.71,Away,3,Balanced,Sunny,61
1389,13,4,8.43,Away,10,Balanced,Overcast,107
377,5,4,5.18,Home,10,Balanced,Cloudy,35
315,16,8,14.57,Away,2,Bowling,Sunny,205
443,4,2,10.47,Home,3,Bowling,Overcast,44
320,13,3,8.69,Away,6,Bowling,Sunny,107
1479,15,8,11.92,Away,4,Balanced,Cloudy,188
794,3,7,11.07,Away,3,Batting,Overcast,48
1133,10,7,6.79,Away,3,Balanced,Overcast,71
425,8,5,9.7,Away,10,Batting,Cloudy,102
554,13,4,14.41,Home,8,Bowling,Sunny,167
595,6,9,13.07,Away,9,Balanced,Sunny,85
894,1,9,13.91,Away,4,Batting,Sunny,27
1482,11,2,11.14,Away,2,Balanced,Overcast,128
1218,6,6,10.63,Away,6,Bowling,Overcast,53
1165,8,9,13.63,Home,5,Bowling,Cloudy,92
228,9,7,10.01,Home,7,Bowling,Sunny,82
715,12,3,9.23,Home,3,Batting,Cloudy,154
811,11,3,10.84,Home,2,Bowling,Cloudy,110
980,11,8,11.57,Away,1,Balanced,Cloudy,139
1076,20,9,14.98,Away,10,Bowling,Sunny,253
67,8,9,11.46,Away,3,Bowling,Cloudy,80
394,4,3,8.03,Home,1,Batting,Cloudy,62
580,4,3,5.01,Home,10,Bowling,Sunny,26
990,15,6,5.66,Home,9,Batting,Sunny,116
212,1,4,11.14,Away,2,Bowling,Sunny,24
1160,8,8,11.07,Home,7,Balanced,Cloudy,95
782,20,2,5.91,Home,5,Balanced,Overcast,122
537,3,9,7.82,Away,4,Balanced,Overcast,28
775,17,7,12.23,Away,2,Balanced,Overcast,198
662,6,2,8.97,Home,4,Balanced,Sunny,75
86,3,5,5.39,Away,3,Batting,Cloudy,37
1350,14,3,6.25,Away,5,Bowling,Overcast,74
1217,16,10,8.02,Away,1,Balanced,Overcast,124
916,4,2,9.12,Away,1,Balanced,Cloudy,57
661,7,8,10.53,Home,9,Batting,Cloudy,93
1351,5,7,12.73,Home,6,Batting,Sunny,91
631,14,1,8.36,Away,3,Balanced,Sunny,144
1034,18,8,11.36,Home,1,Bowling,Overcast,156
1400,13,7,14.68,Away,4,Bowling,Overcast,145
1093,5,4,13.37,Away,7,Bowling,Overcast,57
274,19,4,10.11,Away,10,Balanced,Cloudy,201
723,15,7,11.57,Away,6,Balanced,Overcast,164
363,19,4,14.63,Home,7,Balanced,Sunny,304
623,6,5,14.21,Home,6,Bowling,Overcast,70
3,15,7,6.14,Home,7,Balanced,Sunny,105
7,19,7,6.21,Home,7,Balanced,Cloudy,125
312,1,8,11.44,Away,4,Bowling,Cloudy,16
1168,15,5,12.37,Home,7,Batting,Sunny,247
939,13,5,7.53,Away,10,Batting,Overcast,114
1478,2,6,5.53,Home,4,Batting,Overcast,25
216,3,0,9.08,Home,7,Bowling,Overcast,33
1321,13,3,13.28,Home,6,Bowling,Overcast,135
28,3,4,6.42,Away,4,Balanced,Cloudy,34
1466,2,8,6.03,Away,10,Bowling,Sunny,13
1025,1,1,11.96,Away,7,Balanced,Cloudy,28
786,5,4,5.14,Away,9,Bowling,Sunny,30
639,1,1,8.81,Home,5,Bowling,Overcast,20
830,11,1,5.22,Home,3,Batting,Sunny,98
827,14,10,13.25,Away,10,Batting,Cloudy,223
625,5,2,12.29,Home,6,Bowling,Sunny,65
850,17,6,7.89,Home,8,Balanced,Sunny,149
257,4,8,7.42,Home,1,Batting,Cloudy,50
26,12,5,5.66,Home,8,Bowling,Sunny,65
337,20,9,12.39,Away,10,Bowling,Overcast,179
573,12,1,10.23,Away,3,Bowling,Overcast,103
48,17,2,12.98,Home,10,Batting,Cloudy,279
107,5,10,10.41,Away,4,Balanced,Overcast,52
350,6,7,13.35,Away,10,Balanced,Overcast,76
56,4,0,11.01,Away,8,Balanced,Cloudy,61
809,2,9,8.71,Home,9,Batting,Cloudy,24
214,18,7,9.88,Away,1,Batting,Sunny,241
121,7,2,10.58,Home,7,Batting,Sunny,112
870,11,0,10.03,Away,5,Batting,Sunny,164
856,17,8,8.54,Home,10,Bowling,Sunny,124
73,9,9,11.77,Away,8,Batting,Sunny,138
1381,8,1,12.06,Home,7,Bowling,Sunny,95
721,9,3,7.69,Away,2,Bowling,Overcast,63
46,3,10,12.89,Home,4,Bowling,Sunny,38
1264,16,1,11.45,Away,8,Batting,Overcast,215
524,20,5,10.06,Away,2,Balanced,Sunny,228
869,8,4,10.53,Away,7,Batting,Sunny,121
1108,20,1,14.29,Away,6,Batting,Sunny,382
1275,3,10,13.26,Home,2,Bowling,Cloudy,38
803,4,8,7.0,Home,9,Balanced,Sunny,34
534,10,4,10.8,Away,7,Bowling,Overcast,86
1138,17,2,6.7,Away,8,Batting,Cloudy,153
604,5,3,6.67,Home,4,Bowling,Cloudy,40
466,17,6,11.22,Away,3,Batting,Sunny,257
1203,19,7,7.33,Home,1,Balanced,Cloudy,153
1278,20,0,14.7,Home,3,Batting,Cloudy,379
1444,17,0,14.32,Home,3,Batting,Overcast,287
989,15,10,10.48,Home,4,Bowling,Cloudy,131
61,4,1,9.31,Home,7,Bowling,Cloudy,43
886,8,0,5.02,Away,4,Bowling,Cloudy,49
93,7,1,7.89,Home,7,Bowling,Sunny,60
667,18,6,7.9,Away,1,Bowling,Sunny,132
706,19,4,14.8,Home,5,Balanced,Overcast,266
195,6,1,7.11,Home,4,Balanced,Overcast,56
281,16,1,7.47,Home,3,Balanced,Overcast,126
696,16,6,11.42,Home,3,Bowling,Cloudy,157
360,10,4,10.95,Home,3,Batting,Cloudy,151
520,8,5,7.4,Away,8,Balanced,Sunny,72
813,19,7,7.69,Away,9,Balanced,Cloudy,152
768,15,7,9.34,Home,6,Batting,Overcast,160
183,11,5,11.27,Home,6,Bowling,Overcast,98
1487,16,7,13.21,Away,2,Bowling,Overcast,161
111,1,8,12.62,Away,8,Bowling,Sunny,15
43,12,5,11.73,Home,3,Bowling,Sunny,130
1007,19,2,10.97,Away,6,Batting,Overcast,242
205,20,9,12.4,Home,7,Balanced,Overcast,227
821,1,7,12.05,Home,4,Balanced,Sunny,24
53,2,5,8.19,Away,4,Batting,Cloudy,36
546,3,7,7.05,Away,5,Balanced,Overcast,28
1132,18,5,10.99,Away,8,Batting,Overcast,224
1158,19,0,9.23,Home,10,Balanced,Overcast,171
1468,2,7,10.68,Away,1,Bowling,Overcast,25
911,15,1,10.41,Home,1,Batting,Overcast,193
184,17,7,14.26,Home,6,Bowling,Sunny,211
138,12,0,10.43,Away,9,Balanced,Cloudy,141
1150,13,4,10.73,Home,3,Batting,Sunny,196
81,8,10,9.86,Home,1,Batting,Cloudy,105
1213,19,5,13.65,Home,8,Batting,Cloudy,323
106,3,9,8.4,Home,3,Balanced,Sunny,35
542,8,3,9.19,Away,3,Bowling,Sunny,76
1314,2,10,6.54,Away,3,Bowling,Cloudy,16
481,20,8,11.67,Home,10,Bowling,Sunny,199
166,2,2,13.66,Home,7,Bowling,Cloudy,34
249,14,9,6.23,Away,6,Bowling,Overcast,67
308,10,5,12.03,Away,7,Balanced,Sunny,137
447,4,8,9.46,Away,9,Balanced,Sunny,44
747,13,1,6.55,Away,6,Balanced,Overcast,92
335,19,4,6.37,Home,10,Bowling,Sunny,109
98,1,3,13.88,Home,1,Bowling,Sunny,28
760,13,4,14.58,Home,5,Bowling,Overcast,147
738,13,1,11.76,Home,5,Bowling,Sunny,144
837,18,7,12.64,Away,7,Balanced,Sunny,247
943,4,0,13.36,Home,4,Balanced,Sunny,78
103,8,9,14.61,Home,1,Batting,Overcast,138
435,3,7,10.3,Away,4,Balanced,Sunny,43
75,13,1,8.65,Away,8,Bowling,Overcast,92
1341,18,2,12.25,Home,2,Bowling,Sunny,202
1125,14,5,10.0,Home,10,Bowling,Cloudy,118
1360,10,3,10.25,Home,9,Balanced,Overcast,103
303,8,4,12.13,Away,4,Balanced,Overcast,101
1263,1,3,9.9,Away,3,Bowling,Sunny,23
1224,13,3,11.24,Home,6,Batting,Overcast,173
734,15,7,7.67,Home,5,Balanced,Sunny,131
389,5,3,13.99,Away,7,Batting,Overcast,90
236,1,3,7.81,Home,10,Balanced,Overcast,16
1246,17,2,9.89,Away,10,Bowling,Overcast,130
268,12,3,6.34,Home,9,Balanced,Cloudy,88
306,15,1,12.61,Away,9,Bowling,Sunny,171
118,10,6,8.42,Away,6,Bowling,Cloudy,75
1212,16,3,8.43,Home,1,Batting,Sunny,195
674,15,3,13.33,Away,4,Batting,Cloudy,260
250,18,3,13.89,Home,4,Balanced,Cloudy,267
1094,20,8,11.2,Home,2,Balanced,Overcast,212
1080,18,9,6.3,Home,6,Balanced,Sunny,125
72,13,6,8.11,Away,6,Bowling,Overcast,83
95,8,10,6.16,Away,9,Batting,Overcast,54
848,5,7,11.85,Away,8,Bowling,Sunny,55
34,18,0,5.44,Away,3,Batting,Overcast,130
1101,5,8,12.57,Home,6,Bowling,Overcast,50
449,10,2,5.5,Away,10,Balanced,Overcast,60
446,11,9,6.66,Home,10,Bowling,Overcast,54
772,15,4,9.34,Home,3,Batting,Overcast,169
717,2,4,8.98,Home,8,Balanced,Sunny,30
887,14,3,12.19,Home,4,Bowling,Sunny,157
1245,7,5,6.95,Home,10,Balanced,Cloudy,56
901,7,8,7.45,Home,9,Balanced,Overcast,51
1036,14,7,7.7,Away,1,Bowling,Overcast,87
78,9,6,9.54,Away,6,Bowling,Overcast,69
85,8,8,8.84,Away,4,Bowling,Sunny,67
835,1,2,14.27,Home,1,Balanced,Sunny,37
83,19,10,10.05,Away,8,Batting,Cloudy,232
458,17,1,14.95,Home,1,Bowling,Overcast,199
919,5,7,10.33,Home,5,Balanced,Overcast,55
677,17,1,11.74,Home,2,Bowling,Sunny,186
985,4,3,9.84,Home,7,Bowling,Overcast,38
1240,20,2,10.38,Home,7,Batting,Sunny,280
437,8,9,10.01,Home,4,Bowling,Overcast,63
771,2,0,14.15,Home,8,Bowling,Sunny,38
645,2,2,13.39,Home,8,Bowling,Cloudy,33
1120,2,0,11.75,Home,1,Balanced,Sunny,50
906,7,9,14.6,Home,10,Batting,Overcast,112
1194,3,3,6.47,Away,6,Batting,Cloudy,41
405,5,6,14.91,Away,1,Batting,Sunny,113
1304,4,3,9.86,Away,5,Batting,Cloudy,66
934,8,5,5.69,Home,10,Bowling,Sunny,45
1486,15,2,13.24,Home,6,Batting,Overcast,232
105,1,8,8.86,Away,5,Batting,Overcast,18
610,11,1,11.02,Away,5,Balanced,Overcast,126
1456,20,3,9.64,Home,5,Bowling,Sunny,175
689,13,1,7.86,Away,10,Bowling,Sunny,97
949,10,4,9.51,Home,8,Balanced,Cloudy,106
932,20,5,5.18,Home,4,Batting,Cloudy,141
63,16,0,13.9,Home,8,Bowling,Sunny,201
282,19,0,12.41,Home,8,Bowling,Cloudy,202
779,9,3,11.38,Away,10,Balanced,Cloudy,113
1394,8,0,14.29,Away,10,Bowling,Cloudy,103
239,17,6,9.05,Home,1,Bowling,Sunny,142
224,16,4,14.55,Away,2,Bowling,Cloudy,200
146,13,7,12.91,Home,8,Batting,Sunny,220
1399,11,6,6.5,Away,5,Balanced,Sunny,87
374,1,6,13.07,Home,5,Batting,Cloudy,29
1229,17,10,8.06,Home,10,Batting,Sunny,173
119,13,4,7.7,Away,2,Batting,Cloudy,141
1167,2,2,6.97,Home,7,Balanced,Overcast,26
251,2,4,10.03,Away,8,Balanced,Cloudy,31
1445,12,2,13.21,Home,7,Batting,Overcast,187
1023,17,6,6.88,Away,8,Bowling,Cloudy,100
10,4,3,5.71,Away,9,Balanced,Overcast,31
450,5,3,13.44,Away,1,Batting,Cloudy,104
883,8,0,7.3,Away,5,Batting,Sunny,99
709,18,3,6.79,Home,2,Balanced,Overcast,127
256,1,1,11.83,Away,1,Batting,Cloudy,41
594,3,0,14.02,Home,3,Balanced,Cloudy,64
390,12,10,12.83,Home,9,Batting,Sunny,195
1088,4,7,5.14,Home,7,Balanced,Sunny,29
1201,2,1,8.26,Away,7,Balanced,Overcast,30
558,5,1,13.36,Home,8,Balanced,Overcast,74
1288,1,3,6.75,Home,10,Balanced,Sunny,18
840,10,9,7.6,Home,1,Bowling,Overcast,62
461,12,4,10.7,Away,8,Balanced,Cloudy,139
724,11,2,14.69,Home,2,Balanced,Overcast,163
1382,13,4,11.23,Away,10,Balanced,Sunny,163
145,20,3,6.31,Away,9,Bowling,Cloudy,110
502,12,5,7.89,Away,1,Batting,Cloudy,133
1099,12,3,10.81,Home,3,Balanced,Overcast,132
740,19,9,11.1,Away,10,Bowling,Overcast,153
1385,8,3,8.4,Home,9,Bowling,Sunny,66
732,20,8,11.24,Away,9,Balanced,Cloudy,229
540,18,0,14.46,Home,7,Batting,Overcast,301
178,19,6,13.93,Home,9,Balanced,Sunny,285
1447,10,2,11.57,Away,10,Bowling,Overcast,92
698,16,7,11.32,Away,5,Balanced,Sunny,200
941,19,8,12.23,Away,8,Bowling,Sunny,199
1050,10,8,9.32,Home,4,Bowling,Cloudy,82
923,10,3,8.37,Away,8,Balanced,Overcast,87
899,8,1,10.19,Home,10,Bowling,Cloudy,76
1493,3,9,7.09,Away,10,Bowling,Cloudy,18
8,11,10,9.19,Away,1,Bowling,Sunny,92
863,2,1,8.54,Away,6,Batting,Sunny,44
668,15,7,13.71,Home,5,Balanced,Overcast,194
1161,11,7,13.81,Home,3,Batting,Sunny,206
358,13,1,9.04,Away,7,Balanced,Overcast,121
784,13,10,13.77,Away,7,Balanced,Overcast,164
736,14,8,14.65,Home,4,Bowling,Overcast,154
330,12,0,13.8,Home,2,Batting,Overcast,204
1056,18,3,10.57,Away,3,Balanced,Overcast,187
1149,10,7,6.54,Home,1,Batting,Overcast,85
1118,9,5,5.53,Away,7,Bowling,Cloudy,48
259,14,8,13.23,Away,7,Batting,Cloudy,229
1176,20,2,9.65,Home,8,Balanced,Sunny,217
373,13,4,12.7,Away,4,Bowling,Cloudy,144
1104,9,6,8.89,Home,2,Bowling,Overcast,68
926,1,9,7.06,Away,4,Balanced,Cloudy,15
143,1,4,10.33,Away,1,Bowling,Cloudy,23
526,7,2,5.39,Home,4,Batting,Sunny,70
1139,5,2,5.19,Away,6,Batting,Cloudy,50
1008,7,9,11.54,Away,9,Batting,Cloudy,100
1122,7,4,8.73,Away,6,Batting,Sunny,93
1424,9,10,6.91,Away,3,Batting,Sunny,87
441,9,1,13.07,Home,5,Bowling,Cloudy,109
532,12,9,10.82,Home,3,Batting,Overcast,149
1202,12,10,7.99,Home,7,Bowling,Overcast,71
227,5,7,5.77,Home,3,Bowling,Sunny,34
1037,19,8,6.91,Home,1,Balanced,Sunny,150
229,9,5,12.95,Away,8,Bowling,Sunny,106
1280,12,1,6.43,Home,1,Batting,Sunny,126
1450,18,0,8.27,Home,2,Bowling,Overcast,124
213,11,3,5.89,Home,6,Bowling,Overcast,57
80,12,7,6.41,Away,9,Bowling,Cloudy,66
149,7,2,7.76,Away,5,Bowling,Sunny,60
815,12,5,13.95,Home,2,Bowling,Overcast,132
904,6,5,7.34,Away,10,Bowling,Sunny,43
959,8,2,5.67,Home,5,Balanced,Sunny,65
672,6,3,11.25,Home,5,Balanced,Sunny,87
1156,19,9,5.52,Away,2,Batting,Overcast,124
556,16,5,9.09,Away,9,Bowling,Sunny,129
908,8,5,10.57,Away,3,Batting,Cloudy,119
134,2,2,7.01,Away,2,Bowling,Cloudy,27
1109,12,9,8.42,Home,10,Bowling,Cloudy,82
824,12,8,11.49,Away,10,Balanced,Overcast,127
409,16,9,8.66,Home,2,Batting,Overcast,160
369,15,5,10.21,Away,10,Balanced,Sunny,169
508,7,4,8.72,Away,8,Balanced,Cloudy,72
1182,9,7,13.17,Away,10,Balanced,Sunny,129
505,12,3,14.93,Away,10,Bowling,Overcast,137
1489,20,4,8.51,Away,4,Bowling,Sunny,156
348,7,10,10.16,Home,6,Batting,Overcast,81
387,14,3,13.47,Away,4,Batting,Sunny,258
1,7,1,11.04,Away,3,Bowling,Sunny,82
361,19,9,5.1,Home,10,Batting,Cloudy,118
895,15,4,7.42,Home,2,Batting,Cloudy,154
829,5,8,9.44,Home,8,Bowling,Cloudy,42
1416,14,6,9.11,Home,1,Bowling,Cloudy,114
476,19,1,6.62,Home,1,Balanced,Cloudy,148
1281,16,1,8.75,Home,9,Bowling,Overcast,111
58,12,7,11.88,Away,7,Balanced,Cloudy,150
638,4,3,9.96,Home,8,Batting,Cloudy,63
1331,5,7,5.5,Home,6,Bowling,Sunny,30
1054,2,7,13.79,Away,9,Balanced,Overcast,30
1371,16,7,8.18,Away,7,Balanced,Overcast,125
173,2,7,7.0,Away,5,Batting,Overcast,25
451,9,9,14.81,Home,2,Bowling,Sunny,120
126,7,5,11.26,Away,8,Balanced,Sunny,93
1180,11,7,5.67,Away,8,Batting,Cloudy,83
531,19,5,14.5,Away,5,Batting,Cloudy,346
858,12,1,12.89,Away,4,Batting,Cloudy,209
714,9,4,12.05,Away,3,Bowling,Cloudy,100
91,7,7,12.56,Home,1,Batting,Sunny,128
1451,14,5,5.11,Away,9,Balanced,Cloudy,80
182,4,8,10.1,Home,6,Balanced,Overcast,43
876,5,6,12.48,Home,5,Batting,Cloudy,88
1031,16,5,11.92,Away,6,Batting,Overcast,218
787,1,4,7.48,Away,8,Batting,Sunny,23
415,3,6,10.78,Home,1,Bowling,Sunny,40
252,3,1,9.49,Away,6,Balanced,Sunny,48
70,18,1,5.72,Away,10,Batting,Cloudy,140
804,15,8,11.17,Home,7,Bowling,Overcast,125
132,7,9,10.69,Away,9,Balanced,Cloudy,77
301,10,2,5.04,Home,10,Balanced,Cloudy,62
1430,16,5,12.35,Away,3,Bowling,Cloudy,170
327,14,6,7.12,Home,10,Bowling,Overcast,76
1465,11,5,10.32,Away,9,Batting,Sunny,154
1114,18,0,11.5,Home,8,Batting,Cloudy,269
500,18,0,11.62,Home,1,Bowling,Cloudy,187
1378,13,0,14.63,Away,9,Bowling,Cloudy,165
833,11,3,5.56,Away,7,Batting,Sunny,94
365,9,4,11.78,Away,1,Balanced,Overcast,112
496,5,3,5.95,Away,4,Bowling,Cloudy,37
1395,1,1,5.62,Home,2,Batting,Sunny,34
339,6,4,11.45,Away,4,Batting,Overcast,90
422,3,5,8.45,Away,2,Balanced,Sunny,43
165,7,5,10.77,Away,1,Bowling,Sunny,77
29,5,4,5.12,Away,9,Batting,Sunny,45
517,5,9,10.64,Home,4,Balanced,Overcast,55
194,9,8,7.79,Away,8,Balanced,Sunny,79
1328,3,0,14.11,Home,1,Balanced,Overcast,60
1362,15,10,7.34,Home,9,Balanced,Sunny,117
946,5,3,9.85,Away,6,Balanced,Cloudy,64
1361,9,8,12.75,Away,9,Balanced,Overcast,107
170,17,0,12.65,Home,4,Balanced,Cloudy,236
168,17,7,9.08,Home,5,Balanced,Cloudy,164
653,16,1,10.46,Home,9,Balanced,Overcast,164
174,2,3,6.09,Away,8,Balanced,Overcast,22
519,19,5,11.57,Away,7,Bowling,Cloudy,184
1214,8,5,6.55,Home,5,Batting,Sunny,82
1401,10,5,9.47,Home,7,Bowling,Sunny,88
913,1,8,12.02,Home,7,Bowling,Overcast,13
492,13,3,7.22,Away,10,Bowling,Cloudy,83
954,15,7,5.76,Away,3,Balanced,Overcast,88
74,15,9,11.06,Home,7,Balanced,Sunny,179
1253,5,1,9.07,Home,2,Balanced,Sunny,70
588,1,5,8.03,Home,2,Balanced,Cloudy,24
751,19,7,7.03,Away,5,Balanced,Sunny,150
658,2,8,13.63,Home,9,Batting,Overcast,34
843,13,0,5.7,Away,7,Balanced,Overcast,83
235,20,4,7.32,Home,6,Batting,Overcast,172
733,15,0,11.49,Away,5,Bowling,Cloudy,154
215,10,10,5.78,Away,5,Bowling,Sunny,53
163,20,2,10.11,Home,2,Balanced,Sunny,233
133,19,2,11.21,Away,2,Bowling,Overcast,168
1312,11,5,9.66,Home,1,Balanced,Cloudy,123
223,1,4,5.72,Away,10,Bowling,Cloudy,12
1228,7,6,9.6,Away,10,Bowling,Cloudy,59
935,5,7,9.74,Away,6,Batting,Cloudy,69
186,5,8,9.77,Away,7,Balanced,Sunny,58
42,7,0,9.3,Home,8,Bowling,Sunny,69
693,11,5,5.57,Away,9,Bowling,Overcast,50
109,14,5,10.54,Home,4,Balanced,Sunny,169
39,2,5,11.52,Home,1,Batting,Overcast,43
569,1,1,6.28,Away,10,Batting,Overcast,21
995,9,3,13.03,Home,1,Balanced,Overcast,123
1343,3,3,11.08,Away,9,Balanced,Sunny,47
1442,18,0,12.33,Home,7,Bowling,Overcast,173
484,16,6,12.72,Home,6,Balanced,Overcast,192
469,16,8,12.93,Away,4,Batting,Cloudy,259
891,15,1,5.84,Away,7,Balanced,Sunny,109
948,11,7,12.92,Away,5,Balanced,Overcast,136
25,19,8,14.02,Away,3,Bowling,Sunny,232
1010,6,9,10.79,Home,4,Bowling,Overcast,52
1193,3,9,6.67,Away,2,Balanced,Overcast,27
69,13,6,8.41,Home,3,Bowling,Overcast,88
885,7,2,6.65,Home,2,Balanced,Overcast,60
1355,3,7,14.29,Away,8,Batting,Sunny,62
367,1,10,12.74,Home,6,Batting,Overcast,18
506,17,0,5.45,Home,5,Bowling,Overcast,81
851,9,6,8.1,Away,3,Balanced,Sunny,90
1316,20,10,9.3,Home,8,Batting,Overcast,203
384,5,5,8.0,Away,2,Bowling,Sunny,47
735,14,8,5.15,Home,10,Balanced,Overcast,68
718,17,9,7.64,Home,10,Batting,Overcast,142
1336,20,8,6.61,Away,5,Bowling,Overcast,101
455,16,4,14.61,Away,1,Batting,Cloudy,302
265,17,5,7.71,Away,6,Batting,Overcast,154
76,1,1,7.18,Home,3,Batting,Sunny,35
915,7,10,10.0,Home,5,Balanced,Sunny,79
233,16,1,9.03,Away,8,Batting,Cloudy,192
445,13,6,5.44,Away,4,Balanced,Sunny,87
396,5,1,7.28,Away,9,Bowling,Cloudy,41
612,13,1,12.14,Home,5,Balanced,Sunny,185
177,1,1,13.47,Away,10,Balanced,Sunny,28
19,12,6,11.36,Away,2,Balanced,Sunny,158
1311,14,0,9.68,Away,5,Balanced,Overcast,140
1222,15,4,10.06,Away,2,Batting,Overcast,181
342,5,0,6.99,Home,5,Batting,Cloudy,66
1348,9,8,8.92,Home,4,Bowling,Sunny,75
880,13,9,11.74,Home,5,Balanced,Cloudy,159
596,18,5,14.85,Home,9,Balanced,Sunny,290
62,14,0,6.43,Home,1,Bowling,Cloudy,91
1261,13,4,10.68,Away,7,Batting,Cloudy,181
273,13,1,5.0,Away,7,Balanced,Sunny,86
1209,17,4,7.11,Home,6,Batting,Sunny,169
873,14,5,11.77,Home,10,Batting,Overcast,186
1121,13,9,11.78,Home,4,Balanced,Cloudy,161
1407,13,7,12.54,Away,1,Batting,Sunny,222
279,1,4,13.39,Away,8,Batting,Overcast,26
37,18,1,8.43,Away,7,Batting,Overcast,182
663,2,6,6.32,Away,8,Balanced,Sunny,22
1352,2,5,7.37,Home,7,Balanced,Sunny,27
1090,2,2,11.24,Away,3,Batting,Overcast,45
978,8,10,9.64,Away,7,Bowling,Overcast,58
739,14,0,12.07,Home,2,Bowling,Sunny,161
192,16,10,8.59,Away,1,Batting,Overcast,158
920,1,2,6.15,Home,10,Batting,Overcast,20
457,18,2,14.51,Home,3,Balanced,Sunny,294
676,19,6,5.12,Away,3,Balanced,Sunny,116
761,20,7,8.99,Home,10,Bowling,Cloudy,147
1353,11,4,11.77,Away,7,Balanced,Cloudy,141
729,8,4,7.97,Away,8,Bowling,Sunny,63
413,12,3,11.22,Away,4,Balanced,Overcast,136
826,1,7,5.64,Away,7,Bowling,Cloudy,11
617,1,1,8.69,Home,7,Balanced,Sunny,26
115,9,6,7.59,Home,2,Balanced,Overcast,74
418,19,7,11.36,Home,8,Bowling,Overcast,160
1429,3,6,6.2,Home,10,Balanced,Overcast,22
970,5,6,14.97,Away,5,Batting,Cloudy,103
605,1,8,12.81,Away,8,Balanced,Cloudy,18
1435,9,0,10.96,Home,2,Balanced,Overcast,109
90,10,1,5.23,Away,7,Bowling,Sunny,58
849,9,7,6.1,Home,7,Bowling,Overcast,45
1146,12,3,10.36,Away,1,Batting,Cloudy,173
1434,10,1,8.0,Home,10,Bowling,Cloudy,75
754,10,6,11.8,Away,1,Balanced,Sunny,140
499,11,7,9.81,Away,2,Balanced,Overcast,108
12,3,2,8.55,Home,7,Balanced,Overcast,37
397,10,0,7.47,Away,5,Batting,Overcast,102
285,17,9,8.6,Home,9,Batting,Cloudy,178
691,11,4,11.85,Home,1,Balanced,Cloudy,148
1231,14,8,5.57,Away,7,Balanced,Sunny,88
1404,7,9,9.71,Home,1,Bowling,Sunny,66
690,11,10,9.33,Home,4,Balanced,Sunny,114
852,11,10,7.5,Away,2,Balanced,Cloudy,90
160,20,6,7.03,Away,4,Bowling,Overcast,110
896,2,6,8.54,Away,2,Batting,Sunny,39
1190,8,8,9.69,Home,3,Bowling,Overcast,63
258,1,1,12.14,Home,8,Bowling,Cloudy,22
336,17,0,11.52,Home,7,Batting,Sunny,269
1408,19,4,10.78,Home,5,Balanced,Overcast,197
1040,2,7,10.95,Home,6,Batting,Overcast,33
516,5,5,7.51,Home,4,Balanced,Cloudy,51
1016,7,4,7.02,Away,5,Balanced,Overcast,57
769,4,2,5.93,Away,4,Bowling,Cloudy,33
1317,4,10,10.97,Away,7,Batting,Overcast,51
762,4,7,13.4,Home,9,Balanced,Sunny,62
1103,6,5,12.07,Home,5,Batting,Sunny,107
522,13,6,14.18,Home,4,Batting,Overcast,212
23,15,8,12.24,Away,3,Batting,Overcast,209
357,16,7,9.93,Away,9,Bowling,Overcast,118
1272,13,5,7.79,Home,6,Bowling,Cloudy,90
341,11,8,12.13,Home,9,Batting,Overcast,148
432,2,8,9.48,Away,1,Batting,Overcast,33
474,12,6,14.77,Home,8,Balanced,Overcast,167
218,16,5,5.66,Away,1,Balanced,Cloudy,107
912,15,4,11.96,Away,1,Balanced,Sunny,207
1205,12,0,7.56,Home,7,Bowling,Cloudy,87
1012,17,4,6.56,Away,9,Balanced,Sunny,128
1459,11,6,7.15,Home,8,Batting,Sunny,109
94,9,3,14.0,Home,7,Batting,Overcast,151
1009,20,2,13.89,Home,5,Batting,Sunny,371
1071,14,3,14.99,Home,8,Bowling,Sunny,187
697,11,9,11.71,Home,2,Batting,Cloudy,166
997,20,1,6.4,Home,7,Batting,Sunny,182
154,1,1,14.81,Away,10,Bowling,Sunny,24
1300,15,8,6.52,Home,6,Batting,Sunny,132
1498,3,6,7.21,Home,1,Batting,Overcast,40
790,16,9,7.48,Home,10,Bowling,Overcast,87
581,8,6,12.29,Away,5,Balanced,Overcast,98
704,3,1,7.76,Away,8,Bowling,Sunny,33
1259,17,9,14.51,Home,10,Bowling,Cloudy,199
488,20,9,8.57,Away,10,Bowling,Cloudy,138
560,3,6,11.94,Home,8,Batting,Cloudy,53
802,11,3,10.44,Home,4,Batting,Sunny,165
513,9,7,10.77,Away,7,Bowling,Overcast,75
634,1,1,12.01,Away,8,Bowling,Sunny,23
1111,10,8,7.12,Home,3,Balanced,Cloudy,81
1472,13,0,14.84,Home,8,Bowling,Sunny,176
791,4,5,5.63,Home,9,Bowling,Cloudy,25
117,15,7,5.58,Away,2,Bowling,Sunny,81
741,7,1,8.13,Away,8,Bowling,Overcast,52
1082,10,1,8.6,Away,2,Bowling,Cloudy,86
831,4,5,8.01,Home,10,Bowling,Sunny,33
120,19,6,14.66,Away,4,Bowling,Overcast,209
657,14,2,12.18,Home,10,Bowling,Sunny,153
636,13,8,10.62,Away,10,Balanced,Sunny,148
370,2,1,14.76,Away,7,Batting,Cloudy,55
269,19,1,11.3,Home,10,Bowling,Sunny,192
656,5,6,10.05,Home,10,Bowling,Overcast,41
936,15,6,10.61,Home,9,Batting,Cloudy,199
823,17,6,9.43,Away,2,Batting,Cloudy,209
867,1,5,6.03,Away,7,Bowling,Sunny,14
47,14,5,9.46,Home,3,Bowling,Overcast,106
1291,13,6,7.18,Away,2,Bowling,Sunny,90
992,9,9,10.84,Away,2,Bowling,Cloudy,86
877,19,8,9.39,Away,4,Batting,Sunny,236
774,8,4,9.34,Away,2,Balanced,Cloudy,92
1500,12,0,13.08,Away,2,Batting,Cloudy,216
5,8,0,9.56,Home,2,Balanced,Sunny,104
1004,17,10,12.5,Home,4,Balanced,Sunny,229
1302,15,4,8.51,Home,3,Balanced,Sunny,151
264,3,6,12.75,Away,3,Bowling,Overcast,37
1334,9,6,9.38,Away,3,Bowling,Overcast,70
1443,4,8,11.59,Away,7,Balanced,Overcast,47
444,18,3,9.33,Home,10,Batting,Sunny,225
1003,2,0,13.9,Away,7,Batting,Overcast,49
1078,14,8,5.4,Home,2,Batting,Cloudy,104
838,10,4,9.1,Home,6,Balanced,Cloudy,104
1340,18,9,5.5,Away,10,Bowling,Overcast,72
305,18,9,14.66,Home,1,Bowling,Sunny,230
1175,3,10,14.73,Away,9,Batting,Sunny,57
314,11,4,8.6,Home,3,Balanced,Cloudy,111
150,6,8,13.77,Home,6,Balanced,Overcast,81
575,16,8,14.73,Away,1,Bowling,Overcast,178
51,8,0,14.17,Away,10,Bowling,Sunny,108
1415,2,6,11.64,Home,10,Bowling,Sunny,25
727,4,5,5.76,Home,10,Batting,Overcast,33
834,3,4,9.91,Home,10,Balanced,Overcast,35
1116,17,1,12.15,Away,4,Balanced,Sunny,237
471,19,8,14.44,Away,6,Batting,Cloudy,338
972,8,6,8.21,Away,7,Balanced,Overcast,67
654,15,7,14.67,Away,4,Batting,Overcast,249
400,2,8,9.74,Away,9,Bowling,Overcast,17
512,10,5,14.51,Home,7,Batting,Overcast,168
321,7,5,8.7,Away,6,Bowling,Sunny,61
20,17,0,14.13,Home,6,Bowling,Sunny,218
685,5,4,12.33,Away,4,Balanced,Overcast,69
36,14,4,10.59,Home,4,Bowling,Cloudy,131
903,6,3,8.91,Away,5,Bowling,Cloudy,55
828,6,9,7.92,Home,1,Batting,Sunny,73
1345,6,8,6.73,Away,10,Balanced,Sunny,46
408,16,9,5.76,Away,9,Batting,Overcast,102
921,4,4,11.06,Home,9,Bowling,Overcast,39
538,13,8,8.53,Away,5,Batting,Cloudy,143
759,17,6,9.5,Away,8,Bowling,Sunny,142
1063,5,1,14.01,Away,9,Balanced,Overcast,76
246,16,0,11.03,Away,3,Balanced,Overcast,179
1128,2,9,11.49,Away,5,Balanced,Sunny,31
785,6,9,12.39,Home,8,Balanced,Cloudy,78
490,16,9,7.29,Away,7,Batting,Cloudy,145
155,19,3,9.83,Away,1,Batting,Cloudy,248
962,15,5,10.42,Home,8,Balanced,Cloudy,166
854,6,5,10.36,Away,8,Batting,Sunny,90
626,5,2,13.62,Away,10,Balanced,Overcast,72
686,2,5,9.05,Away,1,Bowling,Overcast,25
570,3,1,12.66,Away,10,Balanced,Cloudy,51
1427,2,0,9.3,Home,2,Bowling,Sunny,35
18,12,8,5.1,Away,3,Batting,Cloudy,85
128,15,7,9.02,Away,4,Bowling,Cloudy,117
928,13,5,13.96,Home,1,Balanced,Overcast,178
981,1,5,12.09,Home,2,Batting,Sunny,35
1470,17,0,14.38,Home,3,Balanced,Cloudy,266
191,16,0,7.99,Home,1,Balanced,Sunny,159
1140,6,0,12.79,Away,3,Bowling,Sunny,83
993,10,4,12.82,Home,4,Bowling,Cloudy,115
1464,19,10,11.59,Home,7,Batting,Overcast,241
1252,3,7,13.6,Home,7,Batting,Overcast,52
607,18,2,14.52,Home,10,Bowling,Overcast,197
181,6,5,9.48,Away,4,Bowling,Cloudy,56
302,3,4,6.67,Home,1,Bowling,Overcast,27
497,3,2,9.29,Away,4,Batting,Cloudy,55
1315,7,6,9.87,Away,4,Batting,Sunny,102
1256,12,9,12.62,Away,3,Balanced,Sunny,168
1238,18,9,13.62,Away,9,Bowling,Sunny,208
518,6,2,8.59,Away,3,Bowling,Sunny,59
1070,3,10,5.95,Home,4,Batting,Overcast,26
477,12,2,9.77,Away,1,Batting,Sunny,174
158,15,3,8.75,Home,7,Batting,Cloudy,174
1196,5,1,12.59,Away,4,Balanced,Overcast,74
17,1,3,10.94,Home,10,Bowling,Sunny,18
1073,11,6,12.48,Home,1,Balanced,Sunny,160
547,13,5,10.91,Home,5,Batting,Sunny,194
659,11,2,6.79,Away,7,Balanced,Cloudy,90
1227,16,10,5.82,Home,3,Balanced,Overcast,90
1020,17,5,9.25,Home,3,Bowling,Sunny,144
1319,20,7,12.69,Home,2,Batting,Cloudy,320
960,18,0,13.77,Home,3,Batting,Cloudy,324
1410,10,5,13.17,Away,9,Balanced,Overcast,126
284,3,6,6.02,Home,3,Batting,Overcast,34
798,4,1,13.38,Away,6,Bowling,Sunny,60
226,5,0,8.0,Home,4,Bowling,Sunny,51
27,20,5,10.34,Away,9,Bowling,Cloudy,172
438,10,10,11.8,Home,8,Bowling,Sunny,101
1458,7,9,14.81,Home,1,Batting,Cloudy,137
230,3,10,12.07,Home,2,Bowling,Cloudy,35
38,9,1,12.29,Away,3,Bowling,Cloudy,105
750,3,5,13.83,Home,10,Bowling,Cloudy,39
1046,1,7,6.88,Home,8,Batting,Sunny,17
470,13,8,14.08,Home,5,Batting,Cloudy,229
1279,17,3,10.71,Home,7,Batting,Overcast,211
1473,9,7,7.6,Home,4,Balanced,Sunny,83
688,2,6,12.84,Away,10,Bowling,Sunny,27
1379,17,2,5.1,Home,5,Batting,Cloudy,124
640,17,5,6.63,Home,8,Balanced,Cloudy,122
1417,13,3,9.02,Away,8,Bowling,Sunny,109
1219,8,0,13.04,Away,2,Bowling,Sunny,107
1159,11,1,5.85,Away,6,Balanced,Overcast,74
1251,2,4,8.61,Away,5,Bowling,Sunny,26
1440,20,2,14.02,Home,2,Bowling,Sunny,252
801,20,3,14.33,Home,8,Balanced,Sunny,314
161,17,9,12.62,Home,5,Bowling,Sunny,186
957,12,1,14.02,Home,3,Batting,Sunny,238
1187,17,4,5.71,Away,10,Batting,Sunny,134
822,20,1,9.28,Home,5,Balanced,Cloudy,204
1271,2,6,6.85,Away,7,Bowling,Cloudy,18
878,14,4,11.11,Home,7,Bowling,Cloudy,134
914,20,3,6.72,Away,5,Balanced,Sunny,157
153,5,4,9.63,Away,2,Bowling,Cloudy,52
1374,5,5,13.85,Home,9,Bowling,Sunny,65
510,13,4,12.54,Home,10,Bowling,Overcast,124
1136,6,10,11.68,Away,9,Balanced,Sunny,75
1322,14,4,6.71,Home,10,Bowling,Sunny,86
104,3,2,8.89,Away,3,Balanced,Cloudy,46
587,9,2,9.23,Home,3,Balanced,Sunny,107
1329,6,8,10.1,Home,5,Bowling,Overcast,49
1144,8,9,13.03,Home,4,Bowling,Overcast,80
54,6,5,10.82,Away,9,Batting,Sunny,93
152,9,9,6.49,Away,5,Bowling,Cloudy,52
404,1,6,12.85,Home,1,Balanced,Overcast,25
1455,3,10,10.77,Away,2,Bowling,Cloudy,32
208,8,9,12.69,Home,8,Balanced,Sunny,110
1418,12,5,13.85,Away,10,Batting,Cloudy,208
1123,9,4,14.42,Home,3,Batting,Overcast,157
9,11,1,12.51,Home,2,Balanced,Cloudy,159
1015,17,0,7.71,Home,8,Batting,Cloudy,178
1344,3,6,7.81,Home,10,Balanced,Overcast,26
1061,8,4,13.88,Away,7,Bowling,Cloudy,98
453,17,6,13.54,Home,3,Bowling,Sunny,204
254,9,10,11.25,Home,1,Batting,Overcast,119
897,14,10,6.05,Away,5,Batting,Sunny,113
1309,6,1,7.38,Away,10,Bowling,Cloudy,46
881,10,9,6.79,Home,1,Batting,Cloudy,94
1428,13,7,13.31,Home,1,Bowling,Sunny,157
624,3,3,11.95,Away,6,Bowling,Cloudy,40
346,12,5,5.58,Home,1,Bowling,Overcast,60
1287,5,8,12.96,Home,2,Balanced,Sunny,80
263,7,1,6.43,Away,7,Balanced,Overcast,55
151,8,3,14.44,Home,3,Balanced,Sunny,140
473,4,2,10.21,Home,4,Batting,Sunny,74
641,8,10,12.86,Home,6,Balanced,Overcast,96
1485,12,7,8.59,Away,2,Batting,Overcast,125
1411,11,3,12.57,Away,3,Batting,Overcast,168
551,6,7,7.07,Home,1,Bowling,Overcast,40
929,15,2,7.04,Away,8,Bowling,Sunny,100
489,4,5,14.26,Away,10,Bowling,Cloudy,52
1357,3,8,5.66,Home,6,Bowling,Cloudy,19
1172,15,8,5.3,Away,8,Balanced,Overcast,76
147,9,1,6.25,Away,4,Bowling,Sunny,64
403,19,9,14.43,Away,8,Batting,Overcast,300
955,14,7,8.88,Away,1,Bowling,Cloudy,110
1406,11,5,12.51,Home,1,Bowling,Sunny,129
660,19,4,13.0,Home,2,Batting,Cloudy,317
464,3,4,10.94,Away,7,Batting,Sunny,56
187,20,3,11.88,Home,6,Batting,Overcast,272
1148,7,7,9.02,Home,8,Balanced,Overcast,63
1225,15,5,7.74,Home,5,Batting,Sunny,162
609,17,10,7.65,Away,2,Balanced,Cloudy,138
144,1,3,13.7,Away,5,Balanced,Cloudy,29
752,15,0,10.88,Home,7,Balanced,Sunny,190
982,14,0,5.08,Away,3,Balanced,Overcast,84
198,20,4,14.98,Home,1,Bowling,Cloudy,254
884,8,4,6.18,Home,3,Batting,Overcast,71
280,5,5,5.04,Away,6,Balanced,Sunny,39
294,14,0,14.64,Away,1,Batting,Sunny,288
1365,11,8,14.61,Home,3,Balanced,Cloudy,171
401,20,10,5.58,Away,8,Bowling,Cloudy,91
123,20,5,10.8,Home,3,Bowling,Sunny,194
1208,10,7,5.63,Home,2,Batting,Cloudy,83
203,20,6,12.38,Home,6,Batting,Cloudy,309
836,6,0,6.05,Home,6,Bowling,Cloudy,44
247,3,0,8.58,Away,8,Balanced,Sunny,45
1423,17,1,7.72,Away,1,Balanced,Cloudy,154
1409,10,2,14.04,Away,4,Balanced,Cloudy,158
1154,11,8,10.93,Home,9,Batting,Sunny,157
385,15,2,11.46,Home,10,Balanced,Sunny,193
1323,10,7,5.3,Home,10,Batting,Overcast,62
855,3,10,8.57,Home,1,Bowling,Sunny,29
220,20,8,6.11,Away,7,Bowling,Overcast,92
642,2,1,12.34,Home,5,Balanced,Overcast,39
2,20,10,11.87,Home,5,Bowling,Sunny,204
113,14,9,9.4,Home,7,Bowling,Sunny,114
699,8,6,6.99,Home,3,Balanced,Sunny,72
1432,19,5,7.88,Away,5,Balanced,Cloudy,162
952,6,3,13.83,Away,6,Batting,Cloudy,117
1318,8,1,15.0,Home,5,Bowling,Cloudy,111
1292,14,6,13.74,Home,2,Balanced,Sunny,217
1354,9,3,10.66,Away,9,Batting,Cloudy,129
442,7,7,9.6,Home,7,Balanced,Overcast,67
1137,2,9,13.37,Away,5,Bowling,Sunny,28
1257,7,4,6.26,Home,9,Balanced,Overcast,48
664,6,0,13.65,Away,7,Bowling,Overcast,72
1373,6,8,14.47,Away,4,Bowling,Cloudy,77
1258,15,7,6.96,Away,6,Batting,Sunny,142
1332,15,9,5.35,Away,5,Bowling,Overcast,62
318,3,1,9.58,Home,1,Bowling,Sunny,43
649,1,9,9.38,Home,9,Bowling,Cloudy,10
710,10,0,14.71,Home,9,Bowling,Overcast,117
1283,15,7,8.67,Home,4,Balanced,Sunny,148
973,10,0,7.2,Away,7,Balanced,Cloudy,90
628,10,5,13.07,Home,10,Balanced,Cloudy,138
633,14,4,13.57,Away,6,Balanced,Overcast,183
1307,5,8,7.91,Home,10,Bowling,Sunny,36
1249,12,1,9.83,Away,5,Batting,Cloudy,164
1462,15,0,12.39,Home,4,Balanced,Overcast,186
1255,8,2,9.54,Away,10,Bowling,Sunny,74
1384,3,4,8.12,Home,4,Balanced,Overcast,35
796,8,8,5.81,Away,3,Balanced,Overcast,51
646,3,4,5.11,Away,1,Balanced,Sunny,35
1013,11,4,9.74,Away,4,Batting,Overcast,132
557,11,5,13.11,Home,6,Balanced,Cloudy,156
682,10,10,8.53,Home,5,Bowling,Cloudy,72
578,12,10,8.04,Away,10,Bowling,Sunny,81
1110,17,10,10.28,Home,3,Batting,Overcast,196
1267,12,1,8.72,Away,6,Balanced,Overcast,110
1184,9,8,14.38,Away,5,Batting,Cloudy,165
525,17,0,7.21,Away,6,Batting,Cloudy,170
1060,3,8,13.98,Home,4,Balanced,Overcast,46
541,20,7,13.93,Away,5,Batting,Sunny,363
1195,18,5,14.73,Home,9,Balanced,Cloudy,274
749,6,10,12.37,Home,4,Bowling,Cloudy,64
1387,8,2,9.43,Home,3,Bowling,Cloudy,76
485,5,7,9.99,Away,4,Batting,Overcast,65
96,12,6,14.56,Away,10,Bowling,Sunny,152
1021,20,9,14.08,Away,2,Balanced,Overcast,262
564,15,3,13.76,Home,10,Bowling,Cloudy,174
1265,13,8,7.3,Away,4,Balanced,Sunny,109
743,15,7,10.98,Away,8,Balanced,Sunny,180
864,12,2,10.06,Home,2,Batting,Cloudy,169
892,1,10,5.19,Home,9,Balanced,Sunny,6
1039,18,4,7.19,Home,7,Bowling,Sunny,119
207,1,5,12.53,Away,10,Batting,Sunny,25
393,7,9,8.98,Away,10,Balanced,Cloudy,64
795,19,8,11.73,Home,6,Bowling,Cloudy,184
871,9,7,6.94,Away,8,Batting,Sunny,87
398,5,3,9.84,Away,5,Bowling,Sunny,54
767,18,2,5.08,Home,5,Batting,Cloudy,130
1377,5,6,7.82,Away,9,Bowling,Overcast,33
1242,3,3,14.89,Away,7,Batting,Sunny,73
1029,17,8,12.96,Home,8,Batting,Overcast,243
643,8,6,8.84,Home,9,Bowling,Cloudy,62
613,1,3,12.59,Home,2,Balanced,Sunny,33
961,1,2,8.89,Home,9,Batting,Sunny,28
726,17,3,5.77,Home,7,Bowling,Cloudy,89
684,20,6,8.34,Away,7,Bowling,Overcast,127
99,16,3,11.03,Home,2,Bowling,Sunny,164
805,6,8,12.43,Away,2,Bowling,Overcast,62
407,4,0,14.63,Home,5,Balanced,Sunny,82
503,9,8,8.98,Home,8,Bowling,Sunny,72
1072,14,7,8.27,Home,9,Bowling,Overcast,87
1057,7,1,5.39,Away,3,Batting,Cloudy,70
930,4,9,10.08,Home,1,Bowling,Sunny,43
780,5,2,7.42,Away,6,Balanced,Cloudy,53
201,3,7,7.95,Home,7,Batting,Overcast,34
135,10,5,8.95,Away,6,Balanced,Cloudy,101
1052,19,8,7.6,Home,6,Bowling,Overcast,109
41,15,8,11.92,Home,6,Batting,Sunny,234
1018,20,4,7.42,Away,10,Batting,Sunny,198
231,19,3,5.5,Away,10,Bowling,Overcast,83
379,12,3,12.73,Away,10,Batting,Cloudy,196
289,6,1,12.89,Home,1,Bowling,Sunny,84
419,11,9,8.88,Home,10,Balanced,Sunny,104
392,16,7,9.58,Home,6,Batting,Overcast,175
593,14,9,8.71,Home,8,Balanced,Sunny,132
1163,17,7,11.59,Home,10,Batting,Overcast,218
1087,19,4,7.32,Home,4,Bowling,Overcast,111
648,12,1,14.7,Away,8,Batting,Cloudy,230
1153,2,10,10.83,Home,2,Bowling,Cloudy,24
1368,6,3,7.65,Away,7,Batting,Cloudy,71
521,16,1,6.92,Away,2,Batting,Sunny,167
65,8,0,6.54,Home,3,Bowling,Overcast,54
15,6,9,11.79,Home,6,Balanced,Sunny,80
1181,2,9,14.75,Away,5,Balanced,Cloudy,36
1065,19,10,13.25,Away,6,Bowling,Cloudy,205
493,10,7,8.22,Home,9,Batting,Cloudy,105
380,16,10,10.18,Away,3,Bowling,Sunny,143
188,2,1,12.23,Home,1,Batting,Sunny,59
764,3,6,11.72,Home,5,Batting,Overcast,50
217,7,8,9.07,Home,10,Batting,Sunny,84
792,11,0,9.59,Home,6,Balanced,Cloudy,124
1077,5,7,7.41,Away,5,Batting,Sunny,59
879,4,7,6.6,Away,5,Bowling,Sunny,30
338,10,6,8.16,Home,1,Balanced,Cloudy,97
720,13,1,9.83,Home,2,Batting,Sunny,188
296,1,7,11.87,Home,1,Batting,Cloudy,30
1017,17,9,8.14,Home,2,Bowling,Sunny,124
1276,7,10,7.86,Away,1,Batting,Sunny,81
456,4,0,6.97,Away,10,Bowling,Sunny,36
1497,2,10,13.41,Home,9,Balanced,Sunny,29
816,5,4,11.66,Away,9,Batting,Overcast,74
270,14,9,5.54,Home,2,Bowling,Sunny,73
996,3,9,10.18,Home,5,Bowling,Overcast,27
202,19,3,5.14,Home,4,Bowling,Cloudy,91
162,17,2,8.87,Home,7,Balanced,Overcast,149
730,17,9,5.92,Home,7,Balanced,Overcast,95
402,10,6,14.58,Home,8,Batting,Sunny,194
703,3,9,7.78,Home,1,Balanced,Sunny,36
1130,11,2,6.56,Home,6,Batting,Sunny,111
566,17,3,7.82,Away,7,Balanced,Cloudy,146
1414,4,3,7.12,Home,6,Bowling,Sunny,36
1022,8,3,10.07,Home,1,Bowling,Overcast,72
1026,13,2,8.83,Away,1,Bowling,Sunny,114
1412,7,8,5.56,Home,7,Batting,Overcast,49
1105,2,0,7.29,Away,3,Balanced,Overcast,33
206,9,2,6.43,Away,2,Batting,Overcast,84
35,4,7,6.23,Home,6,Batting,Sunny,42
776,12,9,5.09,Away,7,Balanced,Cloudy,66
509,14,10,8.92,Away,2,Balanced,Cloudy,133
1476,11,10,8.48,Away,4,Balanced,Cloudy,99
1391,6,8,14.35,Home,5,Bowling,Sunny,79
92,9,7,9.59,Away,6,Balanced,Overcast,85
1364,5,2,5.3,Away,10,Balanced,Cloudy,38
898,8,10,7.22,Away,7,Balanced,Overcast,55
565,9,1,10.39,Away,6,Batting,Sunny,140
1370,5,3,11.78,Home,10,Bowling,Overcast,50
777,19,3,10.89,Away,10,Balanced,Overcast,196
242,6,4,9.76,Home,5,Bowling,Cloudy,58
14,12,7,11.69,Away,7,Balanced,Overcast,133
316,7,10,10.0,Home,10,Batting,Sunny,88
601,10,5,5.78,Away,4,Bowling,Overcast,51
388,20,4,5.24,Away,2,Bowling,Sunny,102
1298,1,4,11.27,Home,5,Batting,Sunny,32
167,3,1,14.81,Away,9,Batting,Cloudy,71
841,12,6,6.59,Home,9,Bowling,Sunny,72
21,10,3,11.13,Home,4,Balanced,Overcast,115
647,18,2,12.04,Away,2,Batting,Sunny,298
1155,1,7,8.55,Away,4,Balanced,Sunny,20
832,13,3,10.03,Away,6,Bowling,Sunny,122
1268,2,9,11.62,Home,10,Batting,Sunny,31
563,18,5,6.52,Away,7,Bowling,Overcast,92
1461,6,4,10.95,Away,6,Batting,Overcast,85
687,6,4,5.68,Home,2,Batting,Cloudy,61
958,13,2,7.03,Home,10,Batting,Overcast,112
190,11,5,6.34,Away,7,Batting,Overcast,87
976,19,0,5.69,Away,5,Bowling,Sunny,108
700,4,4,9.18,Away,10,Balanced,Overcast,41
511,8,7,14.18,Away,9,Batting,Cloudy,143
1083,7,4,12.84,Home,2,Batting,Overcast,115
475,9,4,12.57,Home,6,Batting,Sunny,159
857,5,5,13.29,Home,9,Bowling,Cloudy,60
748,18,7,14.45,Home,1,Balanced,Sunny,287
253,16,7,10.86,Away,8,Bowling,Cloudy,144
22,16,3,13.74,Away,5,Balanced,Overcast,212
1338,10,2,9.49,Away,4,Bowling,Cloudy,90
460,5,6,14.81,Home,1,Balanced,Cloudy,89
1185,9,3,5.85,Away,8,Batting,Cloudy,78
277,1,7,12.07,Home,7,Bowling,Sunny,16
956,11,1,13.04,Away,1,Balanced,Overcast,149
1216,5,8,9.85,Away,4,Batting,Cloudy,70
386,17,1,14.74,Away,2,Batting,Cloudy,326
806,17,9,12.38,Home,4,Batting,Cloudy,262
1438,5,10,6.17,Home,9,Balanced,Sunny,33
344,8,0,7.87,Home,7,Bowling,Cloudy,65
770,15,7,12.48,Away,6,Batting,Cloudy,235
1333,17,5,10.51,Home,8,Balanced,Cloudy,188
131,13,2,11.23,Home,2,Balanced,Sunny,174
872,5,2,13.59,Away,4,Batting,Cloudy,103
1124,11,1,6.67,Away,5,Batting,Overcast,99
1397,9,0,6.63,Away,2,Balanced,Cloudy,83
88,1,6,8.88,Away,6,Balanced,Sunny,20
1483,3,10,7.53,Away,2,Bowling,Cloudy,24
331,19,7,7.16,Away,6,Batting,Overcast,156
1239,18,4,8.14,Home,5,Batting,Cloudy,193
467,17,10,14.81,Away,8,Bowling,Overcast,183
122,17,1,8.47,Home,8,Bowling,Overcast,115
1045,4,6,12.61,Away,2,Balanced,Sunny,68
1096,10,0,11.25,Home,2,Balanced,Cloudy,136
1131,6,6,11.36,Home,4,Batting,Cloudy,96
1295,18,9,5.01,Home,2,Batting,Sunny,126
861,11,3,14.53,Home,6,Balanced,Overcast,157
1460,1,4,5.67,Home,3,Batting,Overcast,23
1127,13,1,11.97,Away,3,Bowling,Sunny,148
